{
    "x": 10.50000000,
    "y": 20.25000000,
    "transform": {
        "position": [
            0.00000000,
            0.00000000
        ],
        "global_pos": [
            0.00000000,
            0.00000000
        ],
        "scale": [
            0.00000000,
            0.00000000
        ],
        "global_scale": [
            0.00000000,
            0.00000000
        ],
        "origin": [
            0.00000000,
            0.00000000
        ],
        "rotation": 0.00000000,
        "global_rotation": 0.00000000
    }
}